Day,Month,Year,Imputed_Air_Temp,Precip_Season,Total_rain_m,TOAmidnight,Zenith_midnight,Azimuth_midnight,TOA6am,Zenith_6am,Azimuth_6am,TOAnoon,Zenith_noon,Azimuth_noon,TOA6pm,Zenith_6pm,Azimuth_6pm,Tau
1,10,2009,-2.572604188,0,0,0,114.1605644,6.425305966,0,90.89983596,96.6570434,427.02,72.30815843,186.1937495,0,95.33588109,274.2974872,0.45
2,10,2009,-3.054485688,0,0,0,114.5445632,6.531111718,0,91.23266501,96.87109297,418.16,72.69829006,186.2616868,0,95.72572188,274.2320344,0.45
3,10,2009,-7.658828125,0,0,0,114.927892,6.636102222,0,91.56532196,97.08371631,409.3,73.08769145,186.327958,0,96.11438519,274.1654692,0.45
4,10,2009,-8.115843375,0,0,0,115.3104576,6.740172477,0,91.89774318,97.29480682,400.44,73.47625831,186.39249,0,96.5017452,274.0977345,0.45
5,10,2009,-6.894325792,0,0,0,115.6921664,6.843216301,0,92.22986447,97.50425799,391.58,73.86388579,186.4552106,0,96.88767573,274.0287739,0.45
6,10,2009,-4.784465354,0,0,0,116.0729247,6.945126386,0,92.56162096,97.71196337,382.72,74.2504684,186.516049,0,97.27205023,273.9585317,0.45
7,10,2009,-5.4567385,0,0,0,116.4526383,7.045794363,0,92.89294712,97.91781666,373.88,74.63590011,186.5749353,0,97.65474182,273.8869529,0.45
8,10,2009,-4.265475583,0,0,0,116.8312128,7.145110879,0,93.22377673,98.12171177,365.04,75.02007426,186.6318011,0,98.03562329,273.8139838,0.45
9,10,2009,-4.571566125,0,0,0,117.2085531,7.24296567,0,93.5540428,98.32354288,356.23,75.40288364,186.6865789,0,98.41456719,273.7395715,0.45
10,10,2009,-4.574473938,0,0,0,117.5845641,7.339247653,0,93.88367762,98.52320447,347.43,75.78422046,186.739203,0,98.79144581,273.6636646,0.45
11,10,2009,-5.499928583,0,0,0,117.95915,7.433845011,0,94.21261264,98.72059143,338.65,76.16397639,186.7896087,0,99.16613121,273.5862128,0.45
12,10,2009,-5.009575479,0,0,0,118.3322148,7.526645299,0,94.5407785,98.9155991,329.89,76.54204252,186.837733,0,99.53849532,273.5071675,0.45
13,10,2009,-5.503639896,0,0,0,118.7036617,7.617535547,0,94.86810497,99.10812336,321.17,76.91830944,186.8835143,0,99.9084099,273.4264814,0.45
14,10,2009,-1.09369789,0,0,0,119.0733937,7.706402375,0,95.19452095,99.29806068,312.47,77.29266722,186.9268929,0,100.2757466,273.3441092,0.45
15,10,2009,3.950768854,0,0.03340001,0,119.4413133,7.793132116,0,95.51995439,99.48530823,303.81,77.66500542,186.9678105,0,100.6403772,273.2600074,0.45
16,10,2009,-0.035369323,0,0,0,119.8073224,7.877610943,0,95.8443323,99.66976395,295.18,78.03521312,187.0062108,0,101.0021733,273.1741345,0.45
17,10,2009,-0.331521727,0,0,0,120.1713224,7.959725009,0,96.16758072,99.85132662,286.6,78.40317897,187.0420392,0,101.3610065,273.0864511,0.45
18,10,2009,2.135179265,0,0.0116,0,120.5332141,8.039360586,0,96.48962467,100.029896,278.05,78.76879117,187.0752432,0,101.7167488,272.9969203,0.45
19,10,2009,-0.255119602,0,0.0004,0,120.892898,8.116404224,0,96.81038816,100.2053727,269.56,79.13193752,187.1057721,0,102.0692722,272.9055074,0.45
20,10,2009,-1.161817413,0,0,0,121.2502737,8.190742905,0,97.12979412,100.3776588,261.11,79.49250545,187.1335776,0,102.418449,272.8121803,0.45
21,10,2009,-2.166039154,0,0,0,121.6052405,8.26226421,0,97.44776441,100.5466573,252.72,79.85038204,187.1586134,0,102.7641516,272.7169098,0.45
22,10,2009,-0.934220627,0,0,0,121.9576968,8.330856497,0,97.76421979,100.7122725,244.38,80.20545406,187.1808354,0,103.1062531,272.6196694,0.45
23,10,2009,-1.241650862,0,0,0,122.3075408,8.39640908,0,98.07907992,100.8744103,236.1,80.55760801,187.200202,0,103.4446269,272.5204359,0.45
24,10,2009,-3.985679708,0,0,0,122.6546698,8.458812418,0,98.39226329,101.032978,227.89,80.90673016,187.2166741,0,103.7791468,272.4191888,0.45
25,10,2009,-3.687994958,0,0,0,122.9989806,8.517958308,0,98.70368727,101.1878845,219.74,81.25270655,187.2302149,0,104.1096873,272.3159113,0.45
26,10,2009,-2.051717565,0,0,0,123.3403694,8.573740093,0,99.01326805,101.3390404,211.66,81.59542311,187.2407903,0,104.4361236,272.2105898,0.45
27,10,2009,-3.235794125,0,0,0,123.6787317,8.626052862,0,99.32092065,101.4863582,203.65,81.93476563,187.248369,0,104.7583317,272.1032146,0.45
28,10,2009,-3.056216258,0,0,0,124.0139625,8.674793672,0,99.62655891,101.6297523,195.72,82.27061984,187.2529223,0,105.0761882,271.9937793,0.45
29,10,2009,-8.703889,0,0,0,124.3459563,8.719861763,0,99.93009549,101.7691388,187.86,82.60287147,187.2544244,0,105.3895708,271.8822815,0.45
30,10,2009,-3.51346366,0,0,0,124.6746067,8.761158783,0,100.2314419,101.9044365,180.09,82.93140627,187.2528523,0,105.6983582,271.7687229,0.45
31,10,2009,2.664947792,0,0.0096,0,124.999807,8.798589021,0,100.5305084,102.0355659,172.4,83.25611009,187.2481861,0,106.0024302,271.6531091,0.45
1,11,2009,2.278376598,0,0,0,125.3214498,8.832059641,0,100.827204,102.1624502,164.8,83.57686892,187.240409,0,106.3016678,271.53545,0.45
2,11,2009,-1.315637429,0,0,0,125.6394272,8.861480917,0,101.1214369,102.2850147,157.29,83.89356898,187.2295071,0,106.5959532,271.4157597,0.45
3,11,2009,-0.833288652,0,0,0,125.9536308,8.886766479,0,101.4131137,102.4031875,149.88,84.20609671,187.2154697,0,106.88517,271.2940567,0.45
4,11,2009,-1.232259349,0,0,0,126.2639517,8.907833554,0,101.7021401,102.5168991,142.56,84.51433893,187.1982896,0,107.1692033,271.1703641,0.45
5,11,2009,-4.634335292,0,0,0,126.5702805,8.924603215,0,101.9884208,102.626083,135.34,84.81818282,187.1779624,0,107.4479399,271.0447094,0.45
6,11,2009,-5.250165854,0,0,0,126.8725074,8.937000627,0,102.271859,102.7306753,128.23,85.11751603,187.1544875,0,107.721268,270.9171248,0.45
7,11,2009,-5.476134292,0,0,0,127.1705222,8.9449553,0,102.5523573,102.8306151,121.22,85.41222675,187.1278672,0,107.9890779,270.7876472,0.45
8,11,2009,-5.107718717,0,0,0,127.4642145,8.948401333,0,102.829817,102.9258445,114.33,85.70220374,187.0981076,0,108.2512615,270.6563183,0.45
9,11,2009,-1.81105569,0,0,0,127.7534734,8.947277667,0,103.1041386,103.0163088,107.54,85.98733647,187.065218,0,108.5077127,270.5231843,0.45
10,11,2009,-6.906408104,0,0,0,128.038188,8.94152833,0,103.3752214,103.1019563,100.87,86.26751514,187.0292112,0,108.7583277,270.3882964,0.45
11,11,2009,-9.456396667,0,0,0,128.318247,8.931102679,0,103.642964,103.1827388,94.32,86.54263078,186.9901034,0,109.0030047,270.2517108,0.45
12,11,2009,-10.78974842,0,0,0,128.5935392,8.915955647,0,103.9072642,103.2586113,87.89,86.81257533,186.9479145,0,109.2416441,270.1134881,0.45
13,11,2009,-11.81359075,0,0,0,128.8639532,8.896047978,0,104.1680188,103.3295325,81.59,87.0772417,186.9026676,0,109.474149,269.973694,0.45
14,11,2009,-8.564917125,0,0,0,129.1293779,8.871346455,0,104.4251241,103.3954642,75.41,87.33652389,186.8543895,0,109.7004246,269.8323988,0.45
15,11,2009,-3.347837881,0,0,0,129.3897021,8.841824132,0,104.6784756,103.4563722,69.36,87.59031704,186.8031105,0,109.9203789,269.6896777,0.45
16,11,2009,-2.943985321,0,0,0,129.6448149,8.80746055,0,104.9279683,103.5122259,63.44,87.83851752,186.7488643,0,110.1339225,269.5456105,0.45
17,11,2009,-1.605104642,0,0,0,129.8946059,8.768241944,0,105.1734966,103.5629983,57.66,88.08102303,186.691688,0,110.3409689,269.4002815,0.45
18,11,2009,-2.60029035,0,0,0,130.1389648,8.724161449,0,105.4149545,103.6086664,52.01,88.31773269,186.6316222,0,110.5414342,269.2537798,0.45
19,11,2009,-4.43042096,0,0,0,130.3777822,8.675219289,0,105.6522357,103.6492109,46.51,88.54854711,186.5687111,0,110.7352378,269.1061987,0.45
20,11,2009,-3.392434813,0,0,0,130.610949,8.621422953,0,105.8852337,103.6846166,41.14,88.77336849,186.503002,0,110.9223019,268.9576359,0.45
21,11,2009,-0.251205002,0,0,0,130.8383572,8.562787361,0,106.1138416,103.7148723,35.92,88.99210072,186.4345456,0,111.1025519,268.8081933,0.45
22,11,2009,-1.552368692,0,0,0,131.0598994,8.499335018,0,106.3379526,103.7399706,30.85,89.20464947,186.3633961,0,111.2759166,268.657977,0.45
23,11,2009,-5.283330729,0,0,0,131.2754695,8.431096148,0,106.55746,103.7599086,25.93,89.41092224,186.2896106,0,111.4423277,268.5070969,0.45
24,11,2009,-6.956237875,0,0,0,131.4849623,8.358108815,0,106.7722571,103.7746871,21.16,89.61082854,186.2132497,0,111.6017208,268.3556667,0.45
25,11,2009,-2.627017004,0,0,0,131.688274,8.280419021,0,106.9822375,103.7843115,16.54,89.80427989,186.1343769,0,111.7540347,268.2038035,0.45
26,11,2009,-4.234555396,0,0,0,131.8853022,8.198080794,0,107.187295,103.7887912,12.08,89.99118997,186.0530587,0,111.8992116,268.0516282,0.45
27,11,2009,-4.028747615,0,0,0,132.0759463,8.111156248,0,107.3873243,103.7881399,7.78,90.17147471,185.9693649,0,112.0371976,267.8992646,0.45
28,11,2009,-6.398394875,0,0,0,132.260107,8.019715627,0,107.5822201,103.7823755,3.64,90.34505236,185.8833678,0,112.1679423,267.7468396,0.45
29,11,2009,-12.36414733,0,0,0,132.4376872,7.923837321,0,107.7718784,103.7715202,0,90.51184358,185.7951427,0,112.2913991,267.5944829,0.45
30,11,2009,-11.6296591,0,0,0,132.6085919,7.823607867,0,107.9561955,103.7556008,0,90.67177155,185.7047676,0,112.4075251,267.4423266,0.45
1,12,2009,-6.902586854,0,0,0,132.7727279,7.719121918,0,108.135069,103.7346482,0,90.82476208,185.612323,0,112.5162815,267.2905054,0.45
2,12,2009,-4.612777604,0,0,0,132.9300047,7.610482195,0,108.3083975,103.7086976,0,90.97074362,185.5178922,0,112.6176331,267.1391559,0.45
3,12,2009,-8.048844896,0,0,0,133.0803341,7.497799405,0,108.4760807,103.6777886,0,91.10964746,185.4215605,0,112.7115488,266.9884165,0.45
4,12,2009,-5.835949917,0,0,0,133.2236308,7.381192136,0,108.6380198,103.6419652,0,91.2414077,185.323416,0,112.7980014,266.8384274,0.45
5,12,2009,-8.756501,0,0,0,133.3598119,7.260786734,0,108.7941173,103.6012757,0,91.36596142,185.2235486,0,112.8769678,266.6893297,0.45
6,12,2009,-4.927924472,0,0,0,133.488798,7.136717137,0,108.9442774,103.5557728,0,91.48324872,185.1220506,0,112.9484288,266.5412661,0.45
7,12,2009,-6.553222354,0,0,0,133.6105123,7.009124692,0,109.088406,103.5055134,0,91.59321282,185.0190159,0,113.0123693,266.3943797,0.45
8,12,2009,-6.140136938,0,0,0,133.7248817,6.878157946,0,109.2264109,103.4505586,0,91.6958001,184.9145408,0,113.0687784,266.2488143,0.45
9,12,2009,-6.007526479,0,0,0,133.8318362,6.743972402,0,109.3582017,103.3909739,0,91.79096022,184.8087228,0,113.1176491,266.104714,0.45
10,12,2009,-4.785268063,0,0,0,133.9313095,6.606730255,0,109.4836903,103.326829,0,91.87864615,184.7016614,0,113.1589786,265.9622227,0.45
11,12,2009,-1.353604421,0,0,0,134.0232391,6.466600099,0,109.6027906,103.2581977,0,91.95881426,184.5934574,0,113.1927682,265.8214843,0.45
12,12,2009,-1.739059583,0,0,0,134.1075662,6.323756604,0,109.7154193,103.1851577,0,92.03142438,184.4842132,0,113.2190232,265.6826419,0.45
13,12,2009,-7.988201167,0,0,0,134.184236,6.178380176,0,109.821495,103.107791,0,92.09643982,184.3740322,0,113.237753,265.5458382,0.45
14,12,2009,-16.33804813,0,0,0,134.2531978,6.030656587,0,109.9209394,103.0261835,0,92.1538275,184.263019,0,113.248971,265.4112145,0.45
15,12,2009,-16.50548458,0,0,0,134.314405,5.880776584,0,110.0136765,102.9404249,0,92.20355793,184.1512793,0,113.2526947,265.278911,0.45
16,12,2009,-16.00371708,0,0,0,134.3678155,5.728935473,0,110.0996334,102.8506088,0,92.24560526,184.0389196,0,113.2489455,265.1490663,0.45
17,12,2009,-8.658620417,0,0,0,134.4133914,5.575332691,0,110.1787401,102.7568323,0,92.27994738,183.9260471,0,113.2377489,265.0218174,0.45
18,12,2009,-5.422279979,0,0,0,134.4510993,5.420171349,0,110.2509296,102.6591963,0,92.30656588,183.8127697,0,113.2191341,264.897299,0.45
19,12,2009,-9.829329417,0,0,0,134.4809106,5.263657766,0,110.316138,102.557805,0,92.32544612,183.6991957,0,113.1931344,264.775644,0.45
20,12,2009,-11.90734304,0,0,0,134.502801,5.106000988,0,110.3743047,102.452766,0,92.33657724,183.5854337,0,113.1597868,264.6569826,0.45
21,12,2009,-13.45031979,0,0,0,134.516751,4.947412287,0,110.4253725,102.3441903,0,92.33995219,183.4715928,0,113.1191319,264.5414424,0.45
22,12,2009,-18.24913875,0,0,0,134.5227461,4.788104662,0,110.4692874,102.2321916,0,92.33556775,183.3577819,0,113.0712141,264.4291482,0.45
23,12,2009,-17.86235271,0,0,0,134.5207762,4.628292318,0,110.5059993,102.1168868,0,92.32342449,183.2441099,0,113.0160816,264.3202219,0.45
24,12,2009,-18.12194167,0,0,0,134.5108361,4.468190152,0,110.5354613,101.9983955,0,92.30352682,183.1306857,0,112.9537858,264.2147821,0.45
25,12,2009,-17.9485975,0,0,0,134.4929255,4.308013227,0,110.5576305,101.87684,0,92.27588299,183.0176177,0,112.8843817,264.112944,0.45
26,12,2009,-16.55182083,0,0,0,134.4670489,4.147976249,0,110.5724674,101.7523447,0,92.24050503,182.905014,0,112.8079278,264.0148196,0.45
27,12,2009,-16.03386021,0,0,0,134.4332156,3.988293046,0,110.5799367,101.6250366,0,92.19740878,182.7929822,0,112.7244857,263.920517,0.45
28,12,2009,-17.96007333,0,0,0,134.3914396,3.829176049,0,110.5800066,101.4950445,0,92.14661386,182.681629,0,112.6341203,263.8301406,0.45
29,12,2009,-18.35199906,0,0,0,134.3417398,3.67083578,0,110.5726493,101.3624991,0,92.08814364,182.5710605,0,112.5368993,263.7437907,0.45
30,12,2009,-10.94883223,0,0,0,134.2841396,3.513480351,0,110.5578412,101.2275329,0,92.02202518,182.4613818,0,112.4328939,263.6615641,0.45
31,12,2009,-14.06945035,0,0,0,134.2186672,3.357314974,0,110.5355625,101.0902796,0,91.94828926,182.352697,0,112.3221776,263.5835529,0.45
1,1,2010,-16.74341104,0,0,0,134.1453555,3.202541479,0,110.5057973,100.9508741,0,91.86697026,182.2451089,0,112.2048271,263.5098455,0.45
2,1,2010,-8.366014042,0,0,0,134.0642418,3.049357857,0,110.4685341,100.8094526,0,91.77810619,182.1387191,0,112.0809216,263.4405256,0.45
3,1,2010,-12.61113998,0,0,0,133.9753678,2.89795781,0,110.4237652,100.6661516,0,91.68173856,182.0336278,0,111.9505427,263.3756728,0.45
4,1,2010,-18.21384771,0,0,0,133.8787796,2.748530329,0,110.3714872,100.5211085,0,91.57791239,181.9299337,0,111.8137746,263.3153622,0.45
5,1,2010,-17.40869896,0,0,0,133.7745277,2.601259288,0,110.3117006,100.3744608,0,91.46667612,181.8277336,0,111.6707038,263.2596645,0.45
6,1,2010,-16.05860208,0,0,0,133.6626666,2.456323062,0,110.2444103,100.226346,0,91.34808153,181.7271229,0,111.5214187,263.2086457,0.45
7,1,2010,-9.560657188,0,0,0,133.5432548,2.313894167,0,110.1696251,100.0769014,0,91.22218372,181.6281949,0,111.3660102,263.1623674,0.45
8,1,2010,-7.4794325,0,0,0,133.4163549,2.17413893,0,110.087358,99.92626414,0,91.08904098,181.531041,0,111.2045707,263.1208867,0.45
9,1,2010,-2.64224395,0,0,0,133.282033,2.037217177,0,109.997626,99.77457033,0,90.94871476,181.4357504,0,111.0371946,263.0842558,0.45
10,1,2010,-0.583962792,0,0,0,133.1403593,1.903281951,0,109.9004505,99.62195531,0,90.80126956,181.3424102,0,110.8639781,263.0525225,0.45
11,1,2010,-1.839742354,0,0,0,132.991407,1.772479262,0,109.7958565,99.46855327,0,90.64677289,181.2511053,0,110.6850185,263.02573,0.45
12,1,2010,-1.89686825,0,0,0,132.8352532,1.644947858,0,109.6838734,99.31449697,0.35,90.48529511,181.161918,0,110.5004151,263.0039167,0.45
13,1,2010,-4.51033975,0,0,0,132.6719777,1.520819025,0,109.5645343,99.15991754,4.37,90.31690945,181.0749283,0,110.310268,262.9871165,0.45
14,1,2010,-5.317730542,0,0,0,132.5016639,1.400216416,0,109.4378767,99.00494425,8.55,90.14169182,180.9902134,0,110.1146788,262.9753589,0.45
15,1,2010,-6.850523313,0,0,0,132.3243979,1.283255909,0,109.3039414,98.84970432,12.9,89.95972079,180.9078482,0,109.91375,262.9686683,0.45
16,1,2010,-6.143644438,0,0,0,132.1402685,1.170045489,0,109.1627737,98.69432262,17.4,89.77107747,180.8279043,0,109.707585,262.9670651,0.45
17,1,2010,-6.126972792,0,0,0,131.9493674,1.06068516,0,109.0144223,98.53892154,22.06,89.57584541,180.7504511,0,109.4962881,262.9705649,0.45
18,1,2010,-11.05060352,0,0,0,131.7517885,0.955266881,0,108.8589398,98.38362076,26.88,89.37411053,180.6755546,0,109.2799642,262.9791788,0.45
19,1,2010,-5.211225706,0,0,0,131.5476283,0.85387453,0,108.6963824,98.22853702,31.85,89.16596101,180.6032781,0,109.0587188,262.9929135,0.45
20,1,2010,-0.243506781,0,0,0,131.3369853,0.756583891,0,108.52681,98.07378399,36.97,88.95148719,180.5336817,0,108.8326578,263.0117713,0.45
21,1,2010,-3.6042073,0,0,0,131.1199603,0.663462667,0,108.3502862,97.91947207,42.23,88.73078149,180.4668225,0,108.6018877,263.0357502,0.45
22,1,2010,-10.00005725,0,0,0,130.8966557,0.574570512,0,108.1668778,97.7657082,47.65,88.50393832,180.4027544,0,108.3665149,263.0648439,0.45
23,1,2010,-10.9884184,0,0,0,130.6671758,0.489959094,0,107.9766552,97.61259575,53.2,88.27105397,180.3415281,0,108.1266462,263.0990417,0.45
24,1,2010,-7.159712583,0,0,0,130.4316265,0.409672165,0,107.7796922,97.46023433,58.9,88.0322265,180.283191,0,107.8823883,263.138329,0.45
25,1,2010,-10.46321792,0,0,0,130.1901153,0.333745667,0,107.5760656,97.3087197,64.74,87.78755569,180.2277872,0,107.6338478,263.1826868,0.45
26,1,2010,-3.507963881,0,0,0,129.9427509,0.262207842,0,107.3658556,97.15814361,70.71,87.53714291,180.1753576,0,107.3811313,263.2320923,0.45
27,1,2010,-3.681472952,0,0,0,129.6896433,0.195079369,0,107.1491453,97.00859372,76.81,87.28109105,180.1259395,0,107.1243451,263.2865185,0.45
28,1,2010,-14.8528166,0,0,0,129.4309034,0.13237351,0,106.9260209,96.86015349,83.05,87.01950441,180.0795671,0,106.8635951,263.3459348,0.45
29,1,2010,-21.90838479,0,0,0,129.1666435,0.07409628,0,106.6965715,96.71290208,89.41,86.75248863,180.0362709,0,106.5989869,263.4103065,0.45
30,1,2010,-21.14442979,0,0,0,128.8969763,0.020246622,0,106.4608889,96.56691433,95.9,86.48015058,179.9960781,0,106.3306256,263.4795954,0.45
31,1,2010,-22.25814875,0,0,0,128.6220155,359.9708166,0,106.2190677,96.42226065,102.51,86.2025983,179.9590125,0,106.0586158,263.5537594,0.45
1,2,2010,-19.97236729,0,0,0,128.3418755,359.9257916,0,105.9712051,96.27900697,109.24,85.91994088,179.9250944,0,105.7830613,263.6327531,0.45
2,2,2010,-16.19133938,0,0,0,128.056671,359.8851505,0,105.7174007,96.13721476,116.08,85.63228841,179.8943408,0,105.5040654,263.7165274,0.45
3,2,2010,-14.62213625,0,0,0,127.7665173,359.848866,0,105.4577568,95.99694096,123.04,85.33975188,179.8667651,0,105.2217307,263.80503,0.45
4,2,2010,-12.48216708,0,0,0,127.4715303,359.8169047,0,105.1923776,95.85823798,130.11,85.04244311,179.8423774,0,104.9361589,263.8982052,0.45
5,2,2010,-9.072487167,0,0,0,127.1718256,359.7892275,0,104.9213699,95.72115372,137.28,84.74047464,179.8211844,0,104.6474509,263.9959941,0.45
6,2,2010,-5.501705875,0,0,0,126.8675196,359.7657897,0,104.6448423,95.58573156,144.56,84.43395971,179.8031894,0,104.3557068,264.0983348,0.45
7,2,2010,-6.476685146,0,0,0,126.5587284,359.7465413,0,104.3629057,95.45201038,151.94,84.12301213,179.7883923,0,104.0610256,264.2051623,0.45
8,2,2010,-10.509379,0,0,0,126.2455684,359.7314272,0,104.0756728,95.32002465,159.42,83.80774626,179.77679,0,103.7635055,264.3164088,0.45
9,2,2010,-16.41274708,0,0,0,125.9281558,359.7203876,0,103.7832579,95.18980439,166.99,83.48827689,179.7683757,0,103.4632437,264.4320036,0.45
10,2,2010,-13.37088292,0,0,0,125.606607,359.713358,0,103.4857775,95.0613753,174.66,83.1647192,179.7631397,0,103.1603364,264.5518733,0.45
11,2,2010,-10.81431785,0,0,0,125.281038,359.7102696,0,103.1833493,94.93475877,182.41,82.83718871,179.761069,0,102.8548787,264.675942,0.45
12,2,2010,-4.148882904,0,0,0,124.9515648,359.7110498,0,102.8760927,94.809972,190.25,82.50580117,179.7621476,0,102.5469648,264.8041313,0.45
13,2,2010,-6.427198313,0,0,0,124.618303,359.7156218,0,102.5641285,94.68702803,198.17,82.17067255,179.7663562,0,102.2366877,264.9363603,0.45
14,2,2010,-7.000004104,0,0,0,124.2813682,359.7239054,0,102.2475788,94.56593587,206.17,81.83191896,179.7736727,0,101.9241393,265.072546,0.45
15,2,2010,-5.659672646,0,0,0,123.9408755,359.7358173,0,101.9265671,94.44670058,214.25,81.48965656,179.7840719,0,101.6094106,265.2126031,0.45
16,2,2010,-10.72958438,0,0,0,123.5969398,359.7512707,0,101.6012179,94.32932338,222.39,81.14400159,179.797526,0,101.2925914,265.3564443,0.45
17,2,2010,-17.04341667,0,0,0,123.2496756,359.7701763,0,101.2716569,94.21380172,230.61,80.79507023,179.814004,0,100.9737705,265.5039802,0.45
18,2,2010,-20.266025,0,0,0,122.899197,359.792442,0,100.9380106,94.10012946,238.89,80.4429786,179.8334725,0,100.6530353,265.6551198,0.45
19,2,2010,-22.18170375,0,0,0,122.5456176,359.8179734,0,100.6004064,93.98829692,247.24,80.08784272,179.8558951,0,100.3304727,265.8097702,0.45
20,2,2010,-22.16553896,0,0,0,122.1890508,359.8466739,0,100.2589729,93.87829104,255.64,79.72977844,179.8812331,0,100.006168,265.9678367,0.45
21,2,2010,-21.20741375,0,0,0,121.8296093,359.878445,0,99.91383888,93.77009549,264.1,79.36890139,179.909445,0,99.68020567,266.1292233,0.45
22,2,2010,-20.27681042,0,0,0,121.4674057,359.9131865,0,99.56513416,93.66369083,272.61,79.00532699,179.9404872,0,99.35266923,266.2938325,0.45
23,2,2010,-26.81511875,0,0,0,121.1025519,359.9507965,0,99.21298901,93.55905457,281.17,78.63917035,179.9743133,0,99.02364102,266.4615653,0.45
24,2,2010,-21.97478479,0,0,0,120.7351592,359.991172,0,98.85753422,93.45616138,289.78,78.2705463,180.0108749,0,98.69320243,266.6323216,0.45
25,2,2010,-10.79657863,0,0,0,120.3653387,0.034208638,0,98.498901,93.35498318,298.43,77.89956929,180.0501213,0,98.36143386,266.8060001,0.45
26,2,2010,-14.08092875,0,0,0,119.993201,0.079801307,0,98.13722097,93.25548926,307.12,77.52635341,180.0919997,0,98.02841475,266.9824985,0.45
27,2,2010,-13.21599258,0,0,0,119.618856,0.127843998,0,97.77262603,93.15764646,315.85,77.15101236,180.136455,0,97.69422358,267.1617133,0.45
28,2,2010,-13.21741819,0,0,0,119.2424133,0.178230129,0,97.40524832,93.06141929,324.61,76.77365938,180.1834305,0,97.35893793,267.3435406,0.45
1,3,2010,-15.35942479,0,0,0,118.863982,0.230852671,0,97.0352202,92.96677002,333.39,76.39440727,180.2328672,0,97.02263446,267.5278751,0.45
2,3,2010,-15.10337263,0,0,0,118.4836707,0.285604309,0,96.66267411,92.87365887,342.21,76.01336836,180.2847045,0,96.685389,267.7146112,0.45
3,3,2010,-10.91328873,0,0,0,118.1015877,0.342377585,0,96.28774261,92.78204413,351.05,75.63065447,180.33888,0,96.34727652,267.9036426,0.45
4,3,2010,-7.063720584,0,0,0,117.7178405,0.401065039,0,95.91055825,92.69188226,359.91,75.24637691,180.3953295,0,96.00837117,268.0948624,0.45
5,3,2010,-9.442791563,0,0,0,117.3325364,0.461559343,0,95.53125357,92.60312805,368.79,74.86064646,180.4539872,0,95.66874633,268.2881633,0.45
6,3,2010,-7.775469063,0,0,0,116.9457822,0.523753427,0,95.14996105,92.51573474,377.68,74.47357336,180.5147859,0,95.32847464,268.4834374,0.45
7,3,2010,-5.676861091,0,0,0,116.5576844,0.587540594,0,94.76681303,92.42965413,386.58,74.08526727,180.5776566,0,94.987628,268.6805768,0.45
8,3,2010,-8.535421657,0,0,0,116.1683487,0.652814632,0,94.38194173,92.34483673,395.49,73.69583732,180.6425292,0,94.64627763,268.8794731,0.45
9,3,2010,-10.36993022,0,0,0,115.7778808,0.719469921,0,93.99547917,92.26123184,404.4,73.30539204,180.7093321,0,94.30449409,269.0800177,0.45
10,3,2010,-7.629062376,0,0,0,115.3863857,0.787401528,0,93.60755711,92.17878772,413.32,72.91403936,180.7779923,0,93.9623473,269.282102,0.45
11,3,2010,-6.534971143,0,0,0,114.9939682,0.856505297,0,93.21830711,92.09745164,422.24,72.52188665,180.8484357,0,93.61990659,269.4856172,0.45
12,3,2010,-7.090564468,0,0,0,114.6007327,0.926677933,0,92.82786039,92.01717007,431.15,72.12904068,180.920587,0,93.27724072,269.6904546,0.45
13,3,2010,-6.057765198,0,0,0,114.2067831,0.997817084,0,92.43634788,91.93788871,440.05,71.73560759,180.9943697,0,92.93441792,269.8965055,0.45
14,3,2010,-7.689953651,0,0,0,113.8122231,1.069821408,0,92.04390016,91.85955264,448.95,71.34169297,181.0697062,0,92.5915059,270.1036612,0.45
15,3,2010,-7.889494328,0,0,0,113.4171559,1.142590645,0,91.65064744,91.78210642,457.83,70.94740178,181.146518,0,92.24857192,270.3118131,0.45
16,3,2010,-4.10690716,0,0,0,113.0216846,1.216025672,0,91.25671954,91.70549419,466.7,70.55283838,181.2247255,0,91.90568276,270.5208529,0.45
17,3,2010,-7.994974911,0,0,0,112.6259116,1.290028567,0,90.86224588,91.62965974,475.54,70.15810656,181.3042482,0,91.56290481,270.7306726,0.45
18,3,2010,-6.011127965,0,0,0,112.2299395,1.364502651,0,90.46735542,91.55454664,484.37,69.76330948,181.3850047,0,91.22030407,270.9411641,0.45
19,3,2010,-7.505491763,0,0,0,111.8338701,1.439352545,0,90.07217672,91.48009832,493.17,69.36854973,181.4669129,0,90.87794617,271.1522199,0.45
20,3,2010,-6.842086678,0,0,0,111.4378053,1.514484203,8.01,89.67683785,91.40625816,501.95,68.97392934,181.5498897,0,90.53589642,271.3637328,0.45
21,3,2010,-4.91562904,0,0,0,111.0418466,1.589804958,17.43,89.28146639,91.33296957,510.7,68.57954972,181.6338513,0,90.19421983,271.5755958,0.45
22,3,2010,-5.854519939,0,0,0,110.6460951,1.665223553,26.85,88.88618946,91.26017607,519.41,68.18551175,181.7187132,3.14,89.85298114,271.7877024,0.45
23,3,2010,-4.962752872,0,0,0,110.2506519,1.740650178,36.27,88.49113366,91.18782139,528.09,67.79191571,181.8043902,11.23,89.51224484,271.9999465,0.45
24,3,2010,-6.212226352,0,0,0,109.8556177,1.81599649,45.67,88.09642507,91.11584955,536.74,67.39886135,181.8907965,19.31,89.17207521,272.2122224,0.45
25,3,2010,-6.120900515,0,0,0,109.4610931,1.89117565,55.06,87.70218928,91.04420493,545.34,67.00644788,181.9778456,27.37,88.83253631,272.424425,0.45
26,3,2010,-5.479084881,0,0,0,109.0671782,1.96610234,64.44,87.30855129,90.97283234,553.9,66.61477396,182.0654504,35.41,88.49369208,272.6364496,0.45
27,3,2010,-7.158401283,0,0,0,108.6739732,2.040692787,73.79,86.91563561,90.90167712,562.42,66.22393773,182.1535235,43.43,88.15560628,272.848192,0.45
28,3,2010,-5.291342427,0,0,0,108.2815779,2.114864784,83.12,86.52356615,90.83068518,570.9,65.83403682,182.2419767,51.44,87.81834257,273.0595487,0.45
29,3,2010,-11.24236486,0,0,0,107.8900922,2.18853771,92.43,86.13246628,90.75980312,579.32,65.44516836,182.3307216,59.42,87.48196453,273.2704166,0.45
30,3,2010,-10.75935671,0,0,0,107.4996154,2.261632543,101.7,85.7424588,90.68897825,587.69,65.05742898,182.4196692,67.37,87.14653565,273.4806932,0.45
31,3,2010,-8.524877521,0,0,0,107.1102468,2.334071883,110.94,85.35366591,90.61815873,596.01,64.67091483,182.5087301,75.3,86.8121194,273.6902768,0.45
1,4,2010,-2.256010165,0,0,0,106.7220857,2.405779964,120.14,84.96620922,90.54729355,604.27,64.2857216,182.5978147,83.21,86.47877921,273.8990663,0.45
2,4,2010,0.118501749,0,0,0,106.335231,2.476682674,129.3,84.58020976,90.47633269,612.48,63.90194452,182.6868331,91.08,86.14657853,274.1069611,0.45
3,4,2010,-4.497120448,0,0,0,105.9497815,2.546707563,138.42,84.19578791,90.40522714,620.63,63.51967838,182.7756949,98.92,85.81558084,274.3138614,0.45
4,4,2010,-5.714345563,0,0,0,105.5658359,2.615783869,147.5,83.81306344,90.33392898,628.71,63.13901752,182.8643098,106.73,85.48584964,274.5196682,0.45
5,4,2010,-7.320777938,0,0,0,105.1834925,2.683842526,156.52,83.43215549,90.26239148,636.73,62.76005589,182.9525871,114.5,85.15744854,274.7242832,0.45
6,4,2010,-8.134963167,0,0,0,104.8028499,2.750816183,165.49,83.05318253,90.19056911,644.69,62.38288701,183.0404362,122.24,84.83044121,274.9276089,0.45
7,4,2010,-4.950713934,0,0,0,104.4240059,2.816639222,174.4,82.67626238,90.11841768,652.58,62.00760401,183.1277663,129.93,84.50489143,275.1295485,0.45
8,4,2010,-2.388361549,0,0,0,104.0470588,2.881247775,183.26,82.30151216,90.04589436,660.4,61.63429964,183.2144866,137.59,84.18086315,275.3300062,0.45
9,4,2010,-3.93191642,0,0,0,103.6721063,2.944579742,192.05,81.92904831,89.97295778,668.14,61.26306627,183.3005065,145.21,83.85842042,275.528887,0.45
10,4,2010,-2.448301479,0,0,0,103.299246,3.006574811,200.78,81.55898654,89.89956809,675.82,60.8939959,183.3857352,152.78,83.53762751,275.7260967,0.45
11,4,2010,-0.201266973,0,0,0,102.9285753,3.067174477,209.44,81.19144182,89.82568705,683.42,60.52718019,183.4700826,160.31,83.21854885,275.9215422,0.45
12,4,2010,1.841724147,0,0,0,102.5601917,3.126322069,218.03,80.82652838,89.75127806,690.94,60.16271046,183.5534585,167.79,82.90124908,276.1151313,0.45
13,4,2010,-3.656902,0,0,0,102.1941922,3.183962763,226.55,80.46435965,89.67630631,698.39,59.80067769,183.635773,175.22,82.58579308,276.306773,0.45
14,4,2010,-1.223041781,0,0,0,101.8306736,3.240043617,234.99,80.10504827,89.60073876,705.75,59.44117253,183.7169369,182.6,82.27224596,276.496377,0.45
15,4,2010,-0.890560761,0,0,0,101.4697327,3.294513586,243.35,79.74870603,89.52454429,713.04,59.08428531,183.7968613,189.94,81.96067309,276.6838544,0.45
16,4,2010,-6.091606938,0,0,0,101.1114659,3.347323558,251.63,79.39544388,89.44769374,720.24,58.73010609,183.8754581,197.21,81.65114014,276.8691173,0.45
17,4,2010,-7.43670175,0,0,0,100.7559694,3.398426372,259.82,79.04537188,89.37015999,727.36,58.37872456,183.9526395,204.44,81.34371302,277.0520792,0.45
18,4,2010,-5.636956104,0,0,0,100.4033393,3.447776853,267.93,78.69859915,89.29191805,734.39,58.03023018,184.028319,211.6,81.03845799,277.2326546,0.45
19,4,2010,-4.219633167,0,0,0,100.0536711,3.495331839,275.95,78.35523389,89.21294509,741.34,57.68471207,184.1024106,218.71,80.73544161,277.4107593,0.45
20,4,2010,-4.827517521,0,0,0,99.70706047,3.541050213,283.88,78.0153833,89.13322057,748.2,57.34225908,184.1748296,225.76,80.43473076,277.5863108,0.45
21,4,2010,-6.782051042,0,0,0,99.36360238,3.584892929,291.71,77.67915353,89.05272628,754.96,57.00295976,184.245492,232.75,80.13639266,277.7592275,0.45
22,4,2010,-5.90040771,0,0,0,99.02339165,3.626823053,299.44,77.34664972,88.97144642,761.64,56.6669024,184.3143155,239.67,79.8404949,277.9294297,0.45
23,4,2010,-6.658999942,0,0,0,98.68652276,3.666805787,307.08,77.01797586,88.88936766,768.23,56.33417496,184.3812189,246.53,79.54710539,278.0968389,0.45
24,4,2010,-5.233152563,0,0,0,98.35308977,3.704808507,314.61,76.69323483,88.80647925,774.72,56.00486516,184.4461225,253.32,79.25629245,278.2613784,0.45
25,4,2010,-4.026044788,0,0,0,98.02318639,3.740800794,322.04,76.37252831,88.72277302,781.12,55.67906038,184.5089483,260.05,78.96812473,278.4229731,0.45
26,4,2010,-3.209963069,0,0,0,97.69690588,3.774754468,329.36,76.05595674,88.63824352,787.42,55.35684775,184.5696199,266.7,78.68267128,278.5815494,0.45
27,4,2010,-5.713834063,0,0,0,97.37434106,3.806643622,336.58,75.7436193,88.55288803,793.62,55.03831405,184.6280628,273.29,78.40000151,278.7370358,0.45
28,4,2010,-6.155253563,0,0,0,97.05558428,3.836444654,343.69,75.43561384,88.46670666,799.73,54.72354578,184.6842047,279.8,78.12018523,278.8893623,0.45
29,4,2010,-6.493420063,0,0,0,96.74072736,3.864136301,350.68,75.13203682,88.37970238,805.74,54.41262911,184.7379754,286.24,77.8432926,279.0384611,0.45
30,4,2010,-5.436323792,0,0,0,96.42986159,3.889699669,357.56,74.83298329,88.29188109,811.65,54.10564986,184.7893067,292.6,77.56939419,279.1842662,0.45
1,5,2010,-3.048974529,0,0,0,96.12307769,3.913118266,364.32,74.53854682,88.20325168,817.47,53.80269353,184.8381334,298.88,77.29856091,279.3267136,0.45
2,5,2010,-3.195840542,0,0,0,95.82046575,3.934378033,370.97,74.24881945,88.11382604,823.17,53.50384523,184.8843924,305.09,77.03086406,279.4657415,0.45
3,5,2010,-4.285129021,0,0,0,95.52211523,3.953467369,377.49,73.96389163,88.02361917,828.78,53.2091897,184.9280238,311.22,76.76637528,279.6012903,0.45
4,5,2010,-3.756303645,0,0,0,95.22811488,3.970377163,383.89,73.68385219,87.93264916,834.29,52.91881127,184.9689703,317.26,76.50516656,279.7333025,0.45
5,5,2010,-4.243482728,0,0,0,94.93855273,3.985100817,390.17,73.40878824,87.84093726,839.69,52.63279385,185.0071779,323.22,76.24731024,279.8617231,0.45
6,5,2010,-4.857107208,0,0,0,94.65351605,3.997634273,396.33,73.13878516,87.74850788,844.98,52.35122089,185.0425957,329.09,75.99287895,279.9864992,0.45
7,5,2010,-2.132326996,0,0,0,94.37309128,4.007976029,402.36,72.87392651,87.65538865,850.18,52.07417536,185.0751762,334.88,75.74194565,280.1075806,0.45
8,5,2010,-0.840803164,0,0,0,94.09736402,4.016127166,408.26,72.61429401,87.56161041,855.26,51.80173973,185.1048755,340.58,75.49458357,280.2249195,0.45
9,5,2010,-4.539446445,0,0,0,93.82641896,4.02209136,414.03,72.35996745,87.46720724,860.24,51.53399593,185.1316534,346.19,75.2508662,280.3384708,0.45
10,5,2010,-2.136048535,0,0,0,93.56033985,4.025874899,419.68,72.11102463,87.37221643,865.11,51.27102529,185.1554736,351.71,75.01086727,280.4481917,0.45
11,5,2010,0.078193659,0,0,0,93.29920944,4.027486695,425.19,71.86754135,87.27667855,869.88,51.01290855,185.1763036,357.14,74.77466072,280.5540426,0.45
12,5,2010,-0.873840078,0,0,0,93.04310943,4.026938291,430.56,71.62959129,87.18063737,874.54,50.75972577,185.1941152,362.47,74.54232067,280.6559863,0.45
13,5,2010,1.831534235,0,0,0,92.79212046,4.024243869,435.81,71.39724601,87.08413986,879.08,50.51155633,185.2088846,367.7,74.31392139,280.7539885,0.45
14,5,2010,5.095051479,0,0,0,92.54632199,4.019420249,440.91,71.17057486,86.98723622,883.52,50.26847886,185.2205921,372.84,74.08953725,280.8480179,0.45
15,5,2010,8.122318188,1,0.001,0,92.30579232,4.012486894,445.88,70.94964495,86.88997977,887.85,50.0305712,185.2292229,377.88,73.86924272,280.938046,0.45
16,5,2010,7.701149854,1,0.0004,0,92.07060848,4.003465899,450.72,70.73452108,86.79242698,892.07,49.79791034,185.2347666,382.82,73.65311228,281.0240474,0.45
17,5,2010,8.353529438,1,0,0,91.84084622,3.992381986,455.41,70.52526568,86.69463738,896.18,49.57057237,185.2372178,387.66,73.44122043,281.1059998,0.45
18,5,2010,5.156251667,1,0.0012,0,91.61657996,3.979262495,459.97,70.3219388,86.59667352,900.18,49.34863245,185.2365758,392.39,73.23364161,281.1838838,0.45
19,5,2010,4.374098375,1,0.0002,0,91.39788268,3.964137363,464.38,70.12459801,86.49860093,904.06,49.1321647,185.2328451,397.02,73.03045016,281.2576833,0.45
20,5,2010,5.324182917,1,0.0034,0,91.18482594,3.947039107,468.66,69.93329839,86.40048803,907.83,48.92124219,185.2260353,401.55,72.83172027,281.3273854,0.45
21,5,2010,1.716877548,1,0.0002,0,90.97747978,3.928002803,472.79,69.74809247,86.30240603,911.5,48.71593686,185.2161609,405.97,72.63752595,281.3929803,0.45
22,5,2010,4.105896771,1,0.0064,0,90.77591269,3.907066054,476.78,69.56903019,86.2044289,915.04,48.51631944,185.2032419,410.27,72.44794095,281.4544617,0.45
23,5,2010,0.159196263,1,0.0048,0,90.58019153,3.884268962,480.63,69.39615886,86.10663322,918.48,48.32245941,185.1873037,414.47,72.2630387,281.5118263,0.45
24,5,2010,0.088503806,1,0.0012,0,90.39038151,3.859654094,484.33,69.22952312,86.00909815,921.8,48.13442492,185.1683768,418.56,72.08289227,281.5650743,0.45
25,5,2010,1.804185141,1,0.0172,0,90.20654612,3.833266437,487.89,69.06916489,85.91190524,925.01,47.95228271,185.1464972,422.53,71.9075743,281.6142093,0.45
26,5,2010,0.436411293,0,0.0014,0,90.02874706,3.805153361,491.31,68.91512337,85.81513839,928.11,47.77609806,185.1217064,426.39,71.73715696,281.6592381,0.45
27,5,2010,2.494016383,0,0,0,89.85704422,3.775364569,494.58,68.76743497,85.71888366,931.09,47.60593471,185.0940511,430.14,71.57171184,281.7001711,0.45
28,5,2010,4.833552196,1,0,0,89.69149562,3.743952046,497.7,68.62613331,85.62322922,933.95,47.44185479,185.0635838,433.76,71.41130993,281.7370219,0.45
29,5,2010,4.752292333,1,0,0,89.53215734,3.710970005,500.68,68.49124918,85.52826516,936.71,47.28391872,185.0303619,437.27,71.25602152,281.7698077,0.45
30,5,2010,2.22503211,1,0,2.91,89.3790835,3.676474827,503.52,68.36281053,85.43408335,939.34,47.1321852,184.9944486,440.66,71.10591614,281.798549,0.45
31,5,2010,0.134968473,1,0.003,6.42,89.23232617,3.640525,506.21,68.24084244,85.34077734,941.87,46.98671106,184.9559121,443.93,70.96106251,281.8232697,0.45
1,6,2010,-1.891539017,1,0,9.77,89.09193537,3.603181054,508.75,68.12536711,85.24844217,944.27,46.84755124,184.9148261,447.07,70.82152845,281.8439971,0.45
2,6,2010,4.52893876,1,0,12.96,88.95795898,3.564505488,511.14,68.01640385,85.15717423,946.57,46.71475871,184.8712691,450.1,70.68738081,281.860762,0.45
3,6,2010,2.527724442,1,0.0072,16.01,88.83044274,3.524562704,513.39,67.91396906,85.06707109,948.74,46.58838436,184.825325,452.99,70.55868538,281.8735985,0.45
4,6,2010,-2.02063125,0,0,18.9,88.70943015,3.483418922,515.5,67.81807625,84.97823137,950.8,46.46847699,184.7770825,455.77,70.43550687,281.8825441,0.45
5,6,2010,-2.478500417,0,0,21.63,88.59496248,3.44114211,517.46,67.72873599,84.89075455,952.75,46.35508317,184.726635,458.41,70.31790877,281.8876394,0.45
6,6,2010,-1.885151614,0,0,24.2,88.48707871,3.397801895,519.27,67.64595599,84.80474079,954.58,46.24824725,184.6740807,460.93,70.20595331,281.8889287,0.45
7,6,2010,-0.061995808,0,0.0002,26.62,88.38581548,3.353469483,520.94,67.56974101,84.72029078,956.29,46.14801121,184.6195222,463.32,70.0997014,281.8864592,0.45
8,6,2010,2.79051684,0,0.0002,28.88,88.29120706,3.308217568,522.46,67.50009295,84.63750559,957.89,46.05441466,184.5630664,465.57,69.99921253,281.8802814,0.45
9,6,2010,1.175985681,0,0,30.98,88.20328533,3.262120244,523.83,67.43701083,84.55648645,959.37,45.96749477,184.5048243,467.7,69.9045447,281.870449,0.45
10,6,2010,0.036227052,0,0.0006,32.91,88.12207972,3.215252913,525.07,67.3804908,84.47733461,960.74,45.88728616,184.4449108,469.69,69.81575434,281.8570187,0.45
11,6,2010,5.340271424,1,0.0002,34.69,88.04761722,3.167692186,526.15,67.33052617,84.40015116,961.98,45.81382091,184.3834445,471.56,69.73289628,281.8400504,0.45
12,6,2010,4.88226075,1,0.0008,36.31,87.9799223,3.119515793,527.09,67.28710743,84.32503686,963.12,45.74712846,184.3205474,473.28,69.65602362,281.8196067,0.45
13,6,2010,2.617753563,1,0.0072,37.76,87.91901694,3.070802478,527.89,67.25022229,84.25209194,964.13,45.6872356,184.2563445,474.87,69.58518768,281.7957534,0.45
14,6,2010,0.861553623,1,0.0006,39.05,87.86492056,3.021631904,528.55,67.2198557,84.181416,965.03,45.63416638,184.190964,476.33,69.52043797,281.7685587,0.45
15,6,2010,0.881728057,1,0.0006,40.18,87.81765003,2.972084545,529.06,67.19598987,84.11310776,965.81,45.58794212,184.1245365,477.64,69.46182204,281.7380939,0.45
16,6,2010,3.432549898,1,0.0016,41.14,87.77721965,2.922241588,529.43,67.17860436,84.04726496,966.48,45.54858131,184.057195,478.82,69.4093855,281.7044326,0.45
17,6,2010,3.616936333,1,0.001,41.94,87.74364111,2.872184828,529.66,67.16767605,83.98398415,967.03,45.51609966,183.9890745,479.86,69.36317189,281.6676512,0.45
18,6,2010,5.126574271,1,0.0042,42.58,87.71692352,2.821996558,529.75,67.16317925,83.92336057,967.46,45.49050999,183.9203117,480.77,69.32322264,281.6278282,0.45
19,6,2010,2.272767129,1,0.0154,43.05,87.69707336,2.771759468,529.69,67.1650857,83.86548797,967.78,45.47182227,183.8510449,481.53,69.28957703,281.5850447,0.45
20,6,2010,0.439572569,1,0.0014,43.36,87.68409451,2.721556535,529.5,67.17336466,83.81045846,967.98,45.46004354,183.7814132,482.14,69.2622721,281.5393837,0.45
21,6,2010,0.541718908,1,0.0022,43.51,87.6779882,2.671470914,529.17,67.18798293,83.7583624,968.06,45.45517798,183.7115568,482.62,69.24134259,281.4909305,0.45
22,6,2010,1.196884981,1,0.0056,43.49,87.67875308,2.621585835,528.7,67.20890493,83.70928818,968.03,45.45722683,183.6416161,482.96,69.22682092,281.4397721,0.45
23,6,2010,1.371246873,0,0.0104,43.31,87.68638514,2.57198449,528.09,67.23609275,83.66332216,967.88,45.46618841,183.5717317,483.15,69.21873709,281.3859974,0.45
24,6,2010,4.16019325,1,0,42.96,87.7008778,2.522749929,527.35,67.26950622,83.62054852,967.61,45.48205813,183.502044,483.19,69.21711869,281.329697,0.45
25,6,2010,8.447737375,1,0.0052,42.45,87.72222185,2.473964948,526.47,67.30910297,83.5810491,967.23,45.5048285,183.4326928,483.1,69.22199079,281.270963,0.45
26,6,2010,5.033101152,1,0.0064,41.78,87.75040549,2.425711985,525.45,67.3548385,83.54490331,966.72,45.53448913,183.3638172,482.85,69.23337595,281.2098887,0.45
27,6,2010,1.121377759,1,0.0054,40.94,87.78541436,2.378073013,524.3,67.40666623,83.51218802,966.11,45.57102676,183.2955549,482.46,69.25129414,281.1465689,0.45
28,6,2010,2.054824877,1,0.002,39.94,87.82723151,2.331129431,523.02,67.46453762,83.48297743,965.37,45.61442528,183.2280423,481.93,69.27576273,281.0810991,0.45
29,6,2010,6.591981042,1,0,38.78,87.87583749,2.284961963,521.61,67.52840219,83.45734297,964.53,45.66466573,183.1614138,481.25,69.30679643,281.013576,0.45
30,6,2010,6.666506917,1,0.0016,37.46,87.93121031,2.23965055,520.06,67.59820761,83.43535323,963.56,45.72172638,183.0958017,480.42,69.34440728,280.944097,0.45
1,7,2010,6.473909292,1,0,35.98,87.99332549,2.195274251,518.39,67.67389981,83.41707385,962.48,45.78558275,183.031336,479.45,69.38860463,280.8727599,0.45
2,7,2010,6.390286208,1,0,34.33,88.0621561,2.151911138,516.58,67.755423,83.40256742,961.28,45.85620762,182.968144,478.33,69.43939508,280.7996631,0.45
3,7,2010,9.199060563,1,0,32.53,88.13767276,2.109638199,514.65,67.84271979,83.39189345,959.96,45.93357111,182.9063499,477.06,69.49678248,280.7249052,0.45
4,7,2010,7.073184167,1,0.0026,30.57,88.21984371,2.06853124,512.59,67.93573127,83.38510825,958.53,46.01764074,182.8460747,475.64,69.56076791,280.6485848,0.45
5,7,2010,8.223908563,1,0.0058,28.45,88.30863482,2.028664789,510.4,68.03439706,83.3822649,956.99,46.10838143,182.787436,474.07,69.63134969,280.5708006,0.45
6,7,2010,8.741216417,1,0,26.17,88.40400962,1.990112,508.09,68.13865541,83.38341318,955.32,46.20575561,182.7305475,472.36,69.70852331,280.4916509,0.45
7,7,2010,7.68053075,1,0,23.74,88.50592937,1.952944564,505.66,68.24844329,83.38859951,953.55,46.30972325,182.6755191,470.5,69.79228147,280.4112336,0.45
8,7,2010,8.754559854,1,0.020600002,21.15,88.61435309,1.917232622,503.11,68.36369644,83.39786694,951.65,46.42024193,182.6224565,468.49,69.88261409,280.3296461,0.45
9,7,2010,8.508199479,1,0.0026,18.41,88.72923759,1.883044672,500.43,68.48434948,83.41125505,949.64,46.5372669,182.5714609,466.33,69.97950825,280.2469849,0.45
10,7,2010,7.720120542,1,0.0068,15.51,88.85053752,1.850447495,497.63,68.61033597,83.42879999,947.52,46.66075117,182.5226291,464.02,70.08294823,280.1633459,0.45
11,7,2010,8.145208854,1,0.0006,12.46,88.97820543,1.819506066,494.71,68.74158852,83.45053438,945.28,46.79064554,182.4760533,461.57,70.19291553,280.0788237,0.45
12,7,2010,10.4989599,1,0.007,9.27,89.1121918,1.79028348,491.68,68.87803881,83.47648736,942.93,46.9268987,182.4318205,458.97,70.30938884,279.9935116,0.45
13,7,2010,5.363022396,1,0.0082,5.92,89.2524451,1.762840881,488.53,69.01961774,83.50668453,940.46,47.0694573,182.3900131,456.22,70.43234408,279.9075018,0.45
14,7,2010,4.688895438,1,0.0126,2.42,89.39891186,1.737237384,485.27,69.16625545,83.54114793,937.87,47.21826601,182.3507083,453.32,70.56175443,279.8208849,0.45
15,7,2010,6.768203896,1,0.0006,0,89.55153668,1.713530017,481.89,69.31788141,83.5798961,935.18,47.37326761,182.313978,450.28,70.69759028,279.7337496,0.45
16,7,2010,8.537074833,1,0.0042,0,89.71026232,1.691773647,478.4,69.47442452,83.62294401,932.37,47.53440303,182.2798888,447.08,70.83981935,279.6461832,0.45
17,7,2010,11.70594538,1,0.0008,0,89.87502971,1.672020929,474.79,69.63581315,83.6703031,929.44,47.70161148,182.2485023,443.75,70.98840664,279.5582708,0.45
18,7,2010,9.262166271,1,0.021600001,0,90.04577808,1.654322245,471.08,69.80197521,83.72198129,926.4,47.87483049,182.2198743,440.26,71.14331449,279.4700956,0.45
19,7,2010,7.228866563,1,0.0032,0,90.22244493,1.638725652,467.26,69.97283826,83.77798301,923.25,48.05399596,182.1940556,436.64,71.30450259,279.3817383,0.45
20,7,2010,5.920189063,1,0.0078,0,90.40496614,1.625276837,463.33,70.14832951,83.83830919,919.99,48.23904231,182.1710913,432.86,71.47192804,279.2932778,0.45
21,7,2010,5.622122646,1,0.0072,0,90.59327602,1.614019068,459.3,70.32837596,83.90295731,916.61,48.42990245,182.1510211,428.95,71.64554537,279.2047903,0.45
22,7,2010,4.47359589,1,0.0132,0,90.78730733,1.604993159,455.16,70.5129044,83.97192142,913.12,48.62650796,182.1338794,424.89,71.82530658,279.1163494,0.45
23,7,2010,1.397344879,1,0.009,0,90.98699139,1.598237429,450.92,70.70184149,84.04519219,909.52,48.82878907,182.1196953,420.68,72.01116117,279.0280264,0.45
24,7,2010,6.555401625,1,0.0002,0,91.19225809,1.593787673,446.57,70.89511383,84.12275692,905.8,49.03667477,182.1084923,416.34,72.20305622,278.9398896,0.45
25,7,2010,10.72448729,1,0,0,91.40303599,1.591677136,442.13,71.09264799,84.20459961,901.98,49.25009291,182.1002888,411.85,72.40093637,278.8520048,0.45
26,7,2010,10.94155923,1,0.0002,0,91.61925232,1.591936485,437.58,71.2943706,84.29070099,898.04,49.46897018,182.095098,407.23,72.60474393,278.7644348,0.45
27,7,2010,11.43185938,1,0.0032,0,91.8408331,1.594593792,432.94,71.50020836,84.38103859,894,49.69323225,182.0929279,402.46,72.81441891,278.6772396,0.45
28,7,2010,8.298934063,1,0,0,92.06770312,1.599674519,428.21,71.7100881,84.47558675,889.84,49.92280381,182.0937815,397.56,73.02989903,278.5904762,0.45
29,7,2010,10.96822231,1,0,0,92.29978609,1.607201507,423.37,71.92393682,84.57431673,885.57,50.1576086,182.0976567,392.52,73.25111983,278.5041985,0.45
30,7,2010,11.53426292,1,0,0,92.53700459,1.617194967,418.45,72.14168175,84.67719674,881.2,50.39756952,182.1045469,387.35,73.47801469,278.4184574,0.45
31,7,2010,11.04298646,1,0.006,0,92.77928021,1.629672477,413.43,72.36325037,84.784192,876.72,50.64260863,182.1144404,382.04,73.71051489,278.3333009,0.45
1,8,2010,10.69857281,1,0.0012,0,93.02653355,1.644648984,408.32,72.58857045,84.8952648,872.12,50.89264725,182.1273212,376.59,73.94854966,278.2487735,0.45
2,8,2010,8.145303229,1,0.0062,0,93.27868429,1.662136804,403.12,72.81757006,85.0103746,867.43,51.14760596,182.1431685,371.02,74.19204624,278.164917,0.45
3,8,2010,8.227469771,1,0.0002,0,93.53565124,1.682145635,397.83,73.05017766,85.12947804,862.62,51.40740471,182.1619576,365.31,74.44092994,278.0817697,0.45
4,8,2010,10.1146396,1,0,0,93.79735239,1.704682564,392.46,73.28632205,85.25252908,857.71,51.67196281,182.1836593,359.47,74.69512419,277.9993669,0.45
5,8,2010,9.670164104,1,0,0,94.06370495,1.729752082,387,73.52593245,85.37947901,852.69,51.94119899,182.2082405,353.51,74.95455059,277.9177408,0.45
6,8,2010,13.6020325,1,0,0,94.33462541,1.757356101,381.46,73.7689385,85.51027655,847.57,52.21503145,182.235664,347.42,75.219129,277.8369204,0.45
7,8,2010,11.36701879,1,0,0,94.61002959,1.787493977,375.84,74.01527026,85.64486794,842.34,52.49337789,182.2658893,341.21,75.48877754,277.7569316,0.45
8,8,2010,10.82792123,1,0,0,94.88983264,1.820162528,370.13,74.26485829,85.78319699,837.01,52.77615554,182.2988718,334.87,75.7634127,277.677797,0.45
9,8,2010,8.843511229,1,0,0,95.17394915,1.855356062,364.34,74.51763357,85.92520516,831.58,53.06328119,182.3345638,328.41,76.04294937,277.5995365,0.45
10,8,2010,10.58514869,1,0,0,95.46229315,1.893066407,358.48,74.77352759,86.07083165,826.04,53.35467123,182.3729144,321.83,76.32730091,277.5221665,0.45
11,8,2010,8.161821021,1,0,0,95.75477817,1.933282936,352.54,75.03247231,86.22001345,820.41,53.65024168,182.4138694,315.13,76.61637918,277.4457008,0.45
12,8,2010,10.10010258,1,0,0,96.05131724,1.975992602,346.53,75.29440021,86.37268546,814.67,53.94990819,182.4573717,308.32,76.91009462,277.3701499,0.45
13,8,2010,10.87753898,1,0.0014,0,96.351823,2.021179971,340.44,75.55924423,86.52878053,808.83,54.25358609,182.5033615,301.39,77.2083563,277.2955216,0.45
14,8,2010,9.905182396,1,0.0154,0,96.65620765,2.068827253,334.28,75.82693784,86.68822954,802.9,54.5611904,182.5517764,294.35,77.51107196,277.2218206,0.45
15,8,2010,1.941035085,1,0.0128,0,96.96438306,2.118914344,328.04,76.09741499,86.8509615,796.87,54.87263585,182.6025514,287.21,77.81814808,277.1490489,0.45
16,8,2010,2.059020467,1,0.003,0,97.27626076,2.171418859,321.74,76.37061014,87.0169036,790.74,55.18783687,182.6556193,279.95,78.12948991,277.0772058,0.45
17,8,2010,6.708334292,1,0.0002,0,97.59175198,2.22631617,315.37,76.64645823,87.18598129,784.51,55.50670765,182.7109107,272.58,78.44500152,277.0062877,0.45
18,8,2010,5.936844438,1,0,0,97.91076768,2.283579444,308.93,76.92489468,87.35811836,778.19,55.82916213,182.7683542,265.12,78.76458588,276.9362885,0.45
19,8,2010,4.06414325,1,0,0,98.2332186,2.343179681,302.43,77.20585542,87.53323701,771.78,56.15511399,182.8278765,257.55,79.08814487,276.8671994,0.45
20,8,2010,8.270855417,1,0,0,98.55901524,2.405085755,295.86,77.4892768,87.71125793,765.27,56.48447668,182.8894027,249.88,79.41557933,276.7990091,0.45
21,8,2010,8.423104729,1,0,0,98.88806794,2.469264448,289.23,77.77509567,87.89210032,758.67,56.81716345,182.9528561,242.12,79.74678911,276.7317039,0.45
22,8,2010,5.982094417,1,0.004,0,99.22028685,2.535680489,282.54,78.0632493,88.07568204,751.99,57.15308729,183.0181588,234.26,80.08167313,276.6652677,0.45
23,8,2010,4.515940563,1,0.0004,0,99.555582,2.604296593,275.79,78.35367541,88.26191959,745.21,57.49216098,183.0852313,226.3,80.42012938,276.5996819,0.45
24,8,2010,4.804865854,1,0,0,99.89386329,2.675073497,268.98,78.64631212,88.45072823,738.34,57.8342971,183.1539931,218.26,80.76205498,276.5349259,0.45
25,8,2010,2.409023521,1,0,0,100.2350405,2.747969993,262.12,78.94109797,88.64202203,731.39,58.17940799,183.2243626,210.13,81.10734621,276.4709768,0.45
26,8,2010,1.528443956,1,0,0,100.5790234,2.822942962,255.2,79.23797187,88.83571388,724.36,58.52740578,183.2962572,201.92,81.45589854,276.4078095,0.45
27,8,2010,2.886751146,1,0,0,100.9257216,2.899947411,248.22,79.53687312,89.03171563,717.24,58.87820237,183.3695933,193.62,81.80760669,276.3453969,0.45
28,8,2010,2.747288625,1,0,0,101.2750446,2.978936502,241.2,79.83774136,89.22993808,710.04,59.23170946,183.4442867,185.25,82.16236461,276.2837101,0.45
29,8,2010,3.436921479,1,0,0,101.6269021,3.059861578,234.12,80.14051655,89.43029103,702.75,59.58783848,183.5202526,176.8,82.52006554,276.2227182,0.45
30,8,2010,3.607311521,1,0.0012,0,101.9812036,3.142672201,226.99,80.44513899,89.63268339,695.39,59.94650066,183.5974055,168.27,82.88060204,276.1623882,0.45
31,8,2010,2.923545069,1,0.0044,0,102.3378584,3.227316166,219.82,80.75154925,89.83702316,687.95,60.30760696,183.6756594,159.67,83.24386598,276.1026857,0.45
1,9,2010,0.474464608,1,0.011,0,102.6967763,3.313739537,212.6,81.05968819,90.04321747,680.44,60.67106809,183.754928,151,83.60974859,276.0435744,0.45
2,9,2010,0.033450305,1,0.0024,0,103.0578665,3.401886662,205.33,81.36949692,90.2511727,672.85,61.03679453,183.8351247,142.27,83.97814048,275.9850164,0.45
3,9,2010,0.877595281,1,0.001,0,103.4210386,3.491700199,198.02,81.68091677,90.46079443,665.18,61.40469645,183.9161626,133.47,84.34893166,275.9269723,0.45
4,9,2010,4.154320604,1,0.0046,0,103.7862022,3.583121132,190.66,81.99388929,90.67198752,657.45,61.77468377,183.9979545,124.62,84.72201151,275.8694011,0.45
5,9,2010,5.549303583,1,0.0078,0,104.1532666,3.676088788,183.27,82.30835622,90.88465613,649.65,62.14666611,184.0804134,115.71,85.09726887,275.8122604,0.45
6,9,2010,5.187619417,1,0.0002,0,104.5221414,3.770540855,175.84,82.62425945,91.09870376,641.78,62.52055278,184.163452,106.74,85.47459199,275.7555064,0.45
7,9,2010,7.188870833,1,0,0,104.8927361,3.866413392,168.37,82.94154105,91.31403328,633.84,62.89625278,184.2469831,97.72,85.85386856,275.699094,0.45
8,9,2010,9.2368295,1,0,0,105.2649602,3.963640844,160.86,83.26014316,91.53054695,625.84,63.2736748,184.3309196,88.65,86.23498574,275.6429768,0.45
9,9,2010,9.343438396,1,0,0,105.6387234,4.062156049,153.32,83.58000807,91.74814642,617.78,63.65272717,184.4151743,79.54,86.61783014,275.5871073,0.45
10,9,2010,8.046286375,1,0.0002,0,106.0139351,4.161890248,145.75,83.90107811,91.96673282,609.65,64.03331788,184.4996603,70.39,87.00228785,275.5314367,0.45
11,9,2010,6.300176667,1,0,0,106.390505,4.262773095,138.14,84.22329568,92.18620672,601.47,64.41535454,184.5842911,61.2,87.38824441,275.4759153,0.45
12,9,2010,6.105299813,1,0.0004,0,106.7683425,4.364732656,130.5,84.5466032,92.40646815,593.24,64.7987444,184.66898,51.97,87.77558485,275.4204922,0.45
13,9,2010,5.881551521,1,0.0036,0,107.1473573,4.467695421,122.84,84.87094311,92.62741668,584.95,65.18339431,184.7536409,42.71,88.1641937,275.3651157,0.45
14,9,2010,6.323105792,1,0.0004,0,107.5274588,4.571586305,115.15,85.1962578,92.84895137,576.6,65.56921072,184.8381879,33.42,88.55395494,275.309733,0.45
15,9,2010,6.5378345,1,0.0028,0,107.9085567,4.676328649,107.43,85.52248966,93.07097082,568.21,65.95609963,184.9225354,24.1,88.94475206,275.2542906,0.45
16,9,2010,5.867842188,1,0.014000001,0,108.2905604,4.781844229,99.69,85.84958098,93.29337317,559.78,66.34396664,185.0065983,14.76,89.33646803,275.1987342,0.45
17,9,2010,4.423274583,1,0,0,108.6733795,4.888053254,91.93,86.17747397,93.51605615,551.29,66.73271689,185.0902916,5.4,89.72898532,275.1430087,0.45
18,9,2010,4.236171583,1,0,0,109.0569232,4.99487437,84.14,86.50611072,93.73891703,542.77,67.12225506,185.1735311,0,90.12218587,275.0870583,0.45
19,9,2010,4.364529167,1,0.0012,0,109.4411011,5.102224664,76.34,86.8354332,93.96185272,534.2,67.51248535,185.2562329,0,90.51595112,275.0308267,0.45
20,9,2010,3.851398646,1,0,0,109.8258224,5.210019667,68.52,87.16538318,94.18475972,525.6,67.90331147,185.3383134,0,90.91016201,274.9742569,0.45
21,9,2010,3.393288875,1,0,0,110.2109964,5.318173362,60.68,87.49590225,94.40753416,516.96,68.29463665,185.4196898,0,91.30469896,274.9172914,0.45
22,9,2010,2.867282708,1,0,0,110.5965322,5.426598186,52.83,87.82693179,94.6300718,508.28,68.68636358,185.5002797,0,91.69944189,274.8598724,0.45
23,9,2010,0.595807451,1,0.003,0,110.9823389,5.535205039,44.97,88.15841293,94.8522681,499.58,69.07839445,185.5800013,0,92.09427022,274.8019417,0.45
24,9,2010,0.386846723,1,0.0012,0,111.3683253,5.643903297,37.1,88.49028651,95.07401817,490.85,69.4706309,185.6587733,0,92.48906286,274.7434407,0.45
25,9,2010,-0.484122723,0,0.0002,0,111.7544004,5.75260082,29.21,88.82249309,95.29521684,482.09,69.86297403,185.7365152,0,92.88369822,274.6843107,0.45
26,9,2010,0.080063233,0,0.0008,0,112.1404726,5.861203967,21.32,89.1549729,95.51575866,473.31,70.25532438,185.8131469,0,93.27805423,274.6244927,0.45
27,9,2010,1.810046827,0,0.006,0,112.5264507,5.969617617,13.42,89.4876658,95.73553793,464.51,70.64758193,185.8885893,0,93.67200832,274.5639277,0.45
28,9,2010,3.146500208,0,0.0008,0,112.9122427,6.077745185,5.52,89.82051126,95.95444872,455.69,71.03964611,185.9627639,0,94.06543745,274.5025567,0.45
29,9,2010,4.194700708,1,0,0,113.297757,6.18548865,0,90.15344837,96.17238492,446.86,71.43141573,186.0355927,0,94.45821809,274.4403207,0.45
30,9,2010,2.702379777,1,0,0,113.6829013,6.292748582,0,90.48641573,96.38924025,438.02,71.82278904,186.106999,0,94.85022626,274.377161,0.45
1,10,2010,1.490640301,1,0,0,114.0675835,6.399424171,0,90.81935148,96.60490828,429.17,72.21366371,186.1769066,0,95.24133753,274.3130189,0.45
2,10,2010,2.329964588,1,0,0,114.4517108,6.505413273,0,91.15219328,96.81928253,420.31,72.6039368,186.2452403,0,95.63142702,274.2478364,0.45
3,10,2010,1.124979846,1,0,0,114.8351906,6.61061244,0,91.48487822,97.03225641,411.44,72.99350477,186.3119257,0,96.02036944,274.1815555,0.45
4,10,2010,6.1480515,1,0,0,115.2179297,6.714916978,0,91.81734284,97.24372337,402.58,73.38226352,186.3768895,0,96.40803907,274.1141191,0.45
5,10,2010,6.498465896,1,0,0,115.5998346,6.818220993,0,92.14952306,97.45357685,393.72,73.7701083,186.4400594,0,96.79430983,274.0454704,0.45
6,10,2010,6.327200688,1,0,0,115.9808118,6.920417451,0,92.4813542,97.66171039,384.87,74.15693381,186.5013644,0,97.17905527,273.9755537,0.45
7,10,2010,6.351808438,1,0.0014,0,116.3607671,7.021398244,0,92.81277089,97.86801767,376.02,74.54263415,186.5607341,0,97.56214859,273.9043138,0.45
8,10,2010,5.919630208,1,0.013,0,116.7396061,7.121054257,0,93.14370708,98.07239255,367.18,74.92710281,186.6180999,0,97.94346268,273.8316966,0.45
9,10,2010,3.25234645,1,0.0306,0,117.117234,7.21927545,0,93.474096,98.27472913,358.36,75.31023274,186.6733942,0,98.32287014,273.7576491,0.45
10,10,2010,-2.407605646,1,0,0,117.4935557,7.315950936,0,93.80387008,98.47492183,349.56,75.69191628,186.7265505,0,98.70024333,273.6821194,0.45
11,10,2010,-3.816956979,1,0,0,117.8684755,7.410969077,0,94.13296101,98.67286544,340.77,76.07204525,186.7775042,0,99.07545438,273.6050571,0.45
12,10,2010,-3.372530125,0,0,0,118.2418975,7.50421758,0,94.46129964,98.86845519,332.01,76.45051088,186.8261917,0,99.44837526,273.526413,0.45
13,10,2010,-3.975662458,0,0,0,118.6137251,7.595583601,0,94.78881594,99.06158683,323.28,76.82720389,186.8725512,0,99.81887776,273.4461396,0.45
14,10,2010,-4.534426083,0,0,0,118.9838614,7.684953856,0,95.11543904,99.25215669,314.58,77.20201448,186.9165223,0,100.1868336,273.3641911,0.45
15,10,2010,-4.693701396,0,0,0,119.352209,7.772214747,0,95.44109712,99.44006176,305.91,77.57483233,186.9580466,0,100.5521145,273.2805235,0.45
16,10,2010,-2.41292901,0,0,0,119.7186699,7.857252483,0,95.76571743,99.6251998,297.27,77.94554667,186.9970673,0,100.9145921,273.1950949,0.45
17,10,2010,0.471964343,0,0,0,120.0831457,7.939953216,0,96.08922626,99.80746938,288.68,78.31404624,187.0335292,0,101.274138,273.1078653,0.45
18,10,2010,2.143724333,0,0,0,120.4455374,8.020203186,0,96.41154888,99.98676999,280.12,78.68021935,187.0673794,0,101.6306242,273.0187972,0.45
19,10,2010,-3.125605569,0,0,0,120.8057454,8.097888871,0,96.73260955,100.1630021,271.62,79.04395392,187.0985668,0,101.9839226,272.9278553,0.45
20,10,2010,-8.179332,0,0,0,121.1636697,8.172897142,0,97.05233147,100.3360674,263.16,79.40513746,187.1270424,0,102.3339054,272.8350069,0.45
21,10,2010,-5.366268688,0,0,0,121.5192096,8.245115428,0,97.37063678,100.5058687,254.75,79.76365714,187.1527595,0,102.6804451,272.7402222,0.45
22,10,2010,-2.489412125,0,0,0,121.8722637,8.314431893,0,97.6874465,100.6723099,246.4,80.11939983,187.1756734,0,103.0234146,272.643474,0.45
23,10,2010,-1.655078396,0,0,0,122.2227304,8.38073561,0,98.00268056,100.8352965,238.11,80.47225208,187.195742,0,103.3626871,272.544738,0.45
24,10,2010,-2.764827125,0,0,0,122.570507,8.443916752,0,98.31625776,100.9947356,229.88,80.82210022,187.2129255,0,103.6981365,272.4439934,0.45
25,10,2010,-5.672886813,0,0,0,122.9154907,8.503866785,0,98.62809574,101.1505356,221.71,81.16883037,187.2271865,0,104.0296371,272.3412224,0.45
26,10,2010,-4.375127,0,0,0,123.2575776,8.560478664,0,98.93811098,101.3026067,213.62,81.51232847,187.2384904,0,104.3570638,272.2364106,0.45
27,10,2010,-5.927292792,0,0,0,123.5966635,8.613647047,0,99.24621879,101.450861,205.59,81.85248036,187.2468051,0,104.6802925,272.1295472,0.45
28,10,2010,-3.863942646,0,0,0,123.9326436,8.6632685,0,99.55233331,101.5952122,197.64,82.18917179,187.2521012,0,104.9991996,272.0206251,0.45
29,10,2010,-7.029832771,0,0,0,124.2654124,8.709241724,0,99.85636751,101.7355763,189.77,82.52228848,187.2543522,0,105.3136626,271.909641,0.45
30,10,2010,-6.626015167,0,0,0,124.5948638,8.751467769,0,100.1582331,101.8718713,181.97,82.85171619,187.2535346,0,105.62356,271.7965955,0.45
31,10,2010,0.175656887,0,0,0,124.9208911,8.789850273,0,100.4578408,102.0040172,174.27,83.17734075,187.2496277,0,105.9287713,271.6814932,0.45
1,11,2010,-1.752224046,0,0,0,125.2433872,8.824295686,0,100.7550999,102.1319366,166.65,83.49904812,187.2426137,0,106.2291771,271.564343,0.45
2,11,2010,-5.853830521,0,0,0,125.5622442,8.854713516,0,101.0499186,102.2555544,159.11,83.81672445,187.2324782,0,106.5246594,271.445158,0.45
3,11,2010,-5.176199542,0,0,0,125.8773539,8.881016563,0,101.3422041,102.3747979,151.68,84.13025616,187.2192097,0,106.8151014,271.3239556,0.45
4,11,2010,-5.520132771,0,0,0,126.1886075,8.903121166,0,101.6318623,102.4895971,144.34,84.43952996,187.2028001,0,107.100388,271.2007578,0.45
5,11,2010,-7.926937083,0,0,0,126.4958958,8.92094745,0,101.9187981,102.5998846,137.1,84.74443295,187.1832444,0,107.3804054,271.075591,0.45
6,11,2010,-11.27420702,0,0,0,126.799109,8.934419572,0,102.2029151,102.705596,129.96,85.04485266,187.1605409,0,107.6550415,270.9484862,0.45
7,11,2010,-9.834157625,0,0,0,127.0981371,8.943465969,0,102.484116,102.8066697,122.93,85.34067715,187.1346914,0,107.9241862,270.8194792,0.45
8,11,2010,-8.050563521,0,0,0,127.3928697,8.948019612,0,102.7623025,102.9030469,116,85.63179507,187.105701,0,108.1877309,270.6886104,0.45
9,11,2010,-11.23204619,0,0,0,127.683196,8.948018248,0,103.0373752,102.9946723,109.19,85.91809569,187.0735781,0,108.445569,270.5559251,0.45
10,11,2010,-11.03789429,0,0,0,127.9690052,8.943404653,0,103.3092338,103.0814934,102.49,86.19946905,187.0383347,0,108.6975963,270.4214732,0.45
11,11,2010,-10.27991646,0,0,0,128.2501859,8.934126875,0,103.5777771,103.1634611,95.91,86.47580598,186.9999864,0,108.9437103,270.2853097,0.45
12,11,2010,-8.565169563,0,0,0,128.5266271,8.920138475,0,103.8429029,103.2405297,89.46,86.74699819,186.9585518,0,109.1838111,270.1474941,0.45
13,11,2010,-10.55543679,0,0,0,128.7982174,8.901398769,0,104.1045084,103.3126569,83.12,87.01293837,186.9140536,0,109.4178009,270.0080908,0.45
14,11,2010,-10.19252306,0,0,0,129.0648455,8.877873055,0,104.36249,103.3798038,76.91,87.27352024,186.8665174,0,109.6455844,269.8671691,0.45
15,11,2010,-9.642837792,0,0,0,129.3264003,8.849532848,0,104.6167434,103.4419353,70.83,87.52863866,186.8159729,0,109.8670692,269.7248029,0.45
16,11,2010,-6.104891958,0,0,0,129.582771,8.816356096,0,104.8671637,103.4990197,64.88,87.77818972,186.7624527,0,110.082165,269.5810709,0.45
17,11,2010,-3.525606787,0,0,0,129.8338468,8.778327392,0,105.1136455,103.5510294,59.06,88.0220708,186.7059933,0,110.2907846,269.4360564,0.45
18,11,2010,-1.951078552,0,0,0,130.0795175,8.735438177,0,105.3560828,103.5979402,53.38,88.26018065,186.6466344,0,110.4928437,269.2898472,0.45
19,11,2010,-3.002347042,0,0,0,130.3196735,8.687686938,0,105.5943695,103.639732,47.84,88.49241954,186.5844193,0,110.6882607,269.1425356,0.45
20,11,2010,-3.885070667,0,0,0,130.5542057,8.635079382,0,105.828399,103.6763887,42.45,88.71868928,186.5193945,0,110.8769571,268.9942183,0.45
21,11,2010,-4.951056875,0,0,0,130.7830056,8.577628609,0,106.0580647,103.7078978,37.19,88.93889334,186.4516099,0,111.0588576,268.8449962,0.45
22,11,2010,-10.25401713,0,0,0,131.0059659,8.515355267,0,106.2832596,103.7342513,32.09,89.15293695,186.3811189,0,111.2338901,268.6949743,0.45
23,11,2010,-14.48566875,0,0,0,131.22298,8.44828769,0,106.503877,103.7554451,27.13,89.36072719,186.3079779,0,111.4019857,268.5442616,0.45
24,11,2010,-12.489905,0,0,0,131.4339426,8.376462022,0,106.7198102,103.7714791,22.32,89.56217306,186.2322465,0,111.563079,268.3929708,0.45
25,11,2010,-14.70146125,0,0,0,131.6387495,8.299922325,0,106.9309528,103.7823576,17.67,89.7571856,186.1539877,0,111.717108,268.2412184,0.45
26,11,2010,-17.73175,0,0,0,131.837298,8.218720665,0,107.1371985,103.7880889,13.17,89.94567797,186.0732671,0,111.864014,268.0891242,0.45
27,11,2010,-15.18819417,0,0,0,132.029487,8.13291718,0,107.3384418,103.7886857,8.83,90.12756554,185.9901538,0,112.0037423,267.9368114,0.45
28,11,2010,-13.35625542,0,0,0,132.2152169,8.042580128,0,107.5345774,103.784165,4.65,90.30276599,185.9047195,0,112.1362416,267.784406,0.45
29,11,2010,-8.382939708,0,0,0,132.3943902,7.947785911,0,107.7255009,103.7745479,0.63,90.4711994,185.8170387,0,112.2614644,267.6320372,0.45
30,11,2010,-5.231518688,0,0,0,132.566911,7.848619079,0,107.9111087,103.75986,0,90.63278834,185.7271888,0,112.3793668,267.4798364,0.45
1,12,2010,-4.253707208,0,0,0,132.7326861,7.745172305,0,108.0912979,103.7401312,0,90.78745797,185.6352497,0,112.4899091,267.3279378,0.45
2,12,2010,-2.067563313,0,0,0,132.8916241,7.637546344,0,108.2659669,103.7153957,0,90.93513612,185.541304,0,112.5930551,267.1764774,0.45
3,12,2010,-3.605094771,0,0,0,133.0436363,7.525849959,0,108.4350153,103.6856921,0,91.07575335,185.4454366,0,112.6887729,267.0255933,0.45
4,12,2010,-7.502712083,0,0,0,133.1886366,7.41019982,0,108.5983437,103.6510632,0,91.2092431,185.3477347,0,112.7770341,266.8754251,0.45
5,12,2010,-12.92111183,0,0,0,133.3265416,7.290720386,0,108.7558543,103.6115564,0,91.33554172,185.248288,0,112.8578148,266.7261139,0.45
6,12,2010,-13.497085,0,0,0,133.457271,7.167543749,0,108.9074511,103.5672232,0,91.45458857,185.147188,0,112.9310947,266.5778019,0.45
7,12,2010,-12.56260027,0,0,0,133.5807475,7.040809459,0,109.0530394,103.5181195,0,91.56632611,185.0445285,0,112.9968579,266.4306322,0.45
8,12,2010,-10.49288302,0,0,0,133.6968969,6.910664316,0,109.1925265,103.4643054,0,91.67069996,184.9404049,0,113.0550923,266.2847483,0.45
9,12,2010,-11.37117971,0,0,0,133.8056485,6.777262137,0,109.3258216,103.4058454,0,91.76765896,184.8349146,0,113.10579,266.1402942,0.45
10,12,2010,-10.27960019,0,0,0,133.9069351,6.640763497,0,109.4528361,103.342808,0,91.8571553,184.7281566,0,113.1489473,265.9974141,0.45
11,12,2010,-11.38641602,0,0,0,134.0006934,6.501335442,0,109.5734835,103.275266,0,91.93914449,184.6202315,0,113.1845643,265.8562517,0.45
12,12,2010,-8.700340813,0,0,0,134.0868635,6.359151174,0,109.6876796,103.2032964,0,92.01358554,184.511241,0,113.2126454,265.7169505,0.45
13,12,2010,-9.887197271,0,0,0,134.1653897,6.214389717,0,109.7953426,103.12698,0,92.08044091,184.4012885,0,113.2331991,265.5796531,0.45
14,12,2010,-6.966870167,0,0,0,134.2362202,6.06723555,0,109.8963935,103.0464018,0,92.13967664,184.2904783,0,113.2462377,265.4445012,0.45
15,12,2010,-5.068054313,0,0,0,134.2993076,5.917878224,0,109.9907557,102.9616505,0,92.19126235,184.1789158,0,113.2517777,265.3116354,0.45
16,12,2010,-9.470042771,0,0,0,134.3546085,5.766511952,0,110.0783556,102.8728188,0,92.23517132,184.0667072,0,113.2498398,265.1811946,0.45
17,12,2010,-12.90869813,0,0,0,134.4020841,5.613335183,0,110.1591224,102.7800029,0,92.27138052,183.9539597,0,113.2404481,265.0533161,0.45
18,12,2010,-18.25145771,0,0,0,134.4416999,5.458550151,0,110.2329884,102.6833028,0,92.29987065,183.8407809,0,113.2236313,264.9281354,0.45
19,12,2010,-18.29595667,0,0,0,134.4734261,5.302362415,0,110.299889,102.5828219,0,92.32062614,183.7272791,0,113.1994214,264.8057856,0.45
20,12,2010,-18.55778813,0,0,0,134.4972373,5.144980375,0,110.3597627,102.4786671,0,92.33363522,183.6135629,0,113.1678546,264.6863976,0.45
21,12,2010,-14.56232917,0,0,0,134.5131129,4.986614783,0,110.4125515,102.3709484,0,92.33888991,183.4997411,0,113.1289707,264.5700998,0.45
22,12,2010,-14.99304708,0,0,0,134.5210371,4.827478237,0,110.4582007,102.2597789,0,92.33638606,183.3859227,0,113.0828131,264.4570176,0.45
23,12,2010,-12.01476969,0,0,0,134.5209988,4.667784672,0,110.4966591,102.1452748,0,92.3261233,183.2722166,0,113.0294291,264.3472736,0.45
24,12,2010,-7.956745375,0,0,0,134.5129916,4.507748837,0,110.5278792,102.027555,0,92.30810514,183.1587318,0,112.9688693,264.2409872,0.45
25,12,2010,-6.240191021,0,0,0,134.497014,4.347585775,0,110.5518169,101.906741,0,92.28233886,183.0455767,0,112.9011879,264.1382746,0.45
26,12,2010,-10.31435096,0,0,0,134.4730693,4.187510302,0,110.5684321,101.7829569,0,92.24883559,182.9328596,0,112.8264425,264.0392483,0.45
27,12,2010,-10.26814938,0,0,0,134.4411657,4.02773648,0,110.5776883,101.656329,0,92.20761025,182.820688,0,112.7446939,263.9440174,0.45
28,12,2010,-9.239552063,0,0,0,134.4013159,3.868477101,0,110.5795529,101.5269857,0,92.15868153,182.7091691,0,112.6560061,263.8526873,0.45
29,12,2010,-8.718311646,0,0,0,134.3535377,3.709943172,0,110.5739973,101.3950572,0,92.10207188,182.598409,0,112.5604465,263.7653593,0.45
30,12,2010,-5.709782313,0,0,0,134.2978535,3.552343412,0,110.5609966,101.2606756,0,92.03780748,182.4885131,0,112.4580851,263.682131,0.45
31,12,2010,-5.860042438,0,0,0,134.2342903,3.395883759,0,110.5405302,101.1239743,0,91.96591821,182.3795857,0,112.348995,263.6030957,0.45
